{
  "logistic_regression": {
    "category": {
      "mini_batch_size": [16, 32, 64, 128],
      "num_of_iterations": [50, 100, 300, 500, 1000],
      "learning_rate": [0.001, 0.003, 0.005, 0.01],
      "regularization_type": ["L1", "L2"],
      "lambda": [0.001, 0.005, 0.01, 0.05, 0.1, 0.5]
    },
    "sentiment": {
      "mini_batch_size": [16, 32, 64, 128],
      "num_of_iterations": [50, 100, 300, 500, 1000],
      "learning_rate": [0.001, 0.003, 0.005, 0.01],
      "regularization_type": ["L1", "L2"],
      "lambda": [0.001, 0.005, 0.01, 0.05, 0.1, 0.5]
    },
    "both": {
      "mini_batch_size": [16, 32, 64, 128],
      "num_of_iterations": [50, 100, 300, 500, 1000],
      "learning_rate": [0.001, 0.003, 0.005, 0.01],
      "regularization_type": ["L1", "L2"],
      "lambda": [0.001, 0.005, 0.01, 0.05, 0.1, 0.5]
    }
  },
  "svm": {
    "category": {
      "mini_batch_size": [16, 32, 64, 128],
      "num_of_iterations": [50, 100, 300, 500, 1000],
      "learning_rate": [0.001, 0.003, 0.005, 0.01],
      "regularization_type": ["L1", "L2"],
      "cost_function_type": ["L1", "L2"],
      "C": [0.03125, 0.125, 0.5, 1, 2, 8, 32, 1024, 32768]
    },
    "sentiment": { 
      "mini_batch_size": [16, 32, 64, 128],
      "num_of_iterations": [50, 100, 300, 500, 1000],
      "learning_rate": [0.001, 0.003, 0.005, 0.01],
      "regularization_type": ["L1", "L2"],
      "cost_function_type": ["L1", "L2"],
      "C": [0.03125, 0.125, 0.5, 1, 2, 8, 32, 1024, 32768]
    },
    "both": { 
      "mini_batch_size": [16, 32, 64, 128],
      "num_of_iterations": [50, 100, 300, 500, 1000],
      "learning_rate": [0.001, 0.003, 0.005, 0.01],
      "regularization_type": ["L1", "L2"],
      "cost_function_type": ["L1", "L2"],
      "C": [0.03125, 0.125, 0.5, 1, 2, 8, 32, 1024, 32768]
    },
    "multi_svm": { 
      "mini_batch_size": [16, 32, 64, 128],
      "num_of_iterations": [50, 100, 300, 500, 1000],
      "learning_rate": [0.001, 0.003, 0.005, 0.01],
      "regularization_type": ["L1", "L2"],
      "cost_function_type": ["L1", "L2"],
      "C": [0.03125, 0.125, 0.5, 1, 2, 8, 32, 1024, 32768]
    }
  }
}